image_name,label_id,name
IMG_2143.jpeg,0,Rice Hall
IMG_2148.jpeg,0,Rice Hall
IMG_2153.jpeg,0,Rice Hall
IMG_2160.jpeg,0,Rice Hall
IMG_2166.jpeg,0,Rice Hall
IMG_2171.jpeg,0,Rice Hall
IMG_2176.jpeg,0,Rice Hall
IMG_2144.jpeg,0,Rice Hall
IMG_2149.jpeg,0,Rice Hall
IMG_2156.jpeg,0,Rice Hall
IMG_2161.jpeg,0,Rice Hall
IMG_2167.jpeg,0,Rice Hall
IMG_2172.jpeg,0,Rice Hall
IMG_2177.jpeg,0,Rice Hall
IMG_2145.jpeg,0,Rice Hall
IMG_2150.jpeg,0,Rice Hall
IMG_2157.jpeg,0,Rice Hall
IMG_2162.jpeg,0,Rice Hall
IMG_2168.jpeg,0,Rice Hall
IMG_2173.jpeg,0,Rice Hall
IMG_2178.jpeg,0,Rice Hall
IMG_2146.jpeg,0,Rice Hall
IMG_2151.jpeg,0,Rice Hall
IMG_2158.jpeg,0,Rice Hall
IMG_2164.jpeg,0,Rice Hall
IMG_2169.jpeg,0,Rice Hall
IMG_2174.jpeg,0,Rice Hall
IMG_2179.jpeg,0,Rice Hall
IMG_2147.jpeg,0,Rice Hall
IMG_2152.jpeg,0,Rice Hall
IMG_2159.jpeg,0,Rice Hall
IMG_2165.jpeg,0,Rice Hall
IMG_2170.jpeg,0,Rice Hall
IMG_2175.jpeg,0,Rice Hall
scottStadium1.jpg,10,Scott Stadium
scottStadium2.jpg,10,Scott Stadium
scottStadium3.jpg,10,Scott Stadium
scottStadium4.jpg,10,Scott Stadium
scottStadium5.jpg,10,Scott Stadium
scottStadium6.jpg,10,Scott Stadium
scottStadium7.jpg,10,Scott Stadium
scottStadium8.jpg,10,Scott Stadium
scottStadium9.jpg,10,Scott Stadium
scottStadium10.jpg,10,Scott Stadium
scottStadium11.jpg,10,Scott Stadium
scottStadium12.jpg,10,Scott Stadium
scottStadium13.jpg,10,Scott Stadium
scottStadium14.jpg,10,Scott Stadium
scottStadium15.jpg,10,Scott Stadium
scottStadium16.jpg,10,Scott Stadium
scottStadium17.jpg,10,Scott Stadium
scottStadium18.jpg,10,Scott Stadium
scottStadium19.jpg,10,Scott Stadium
scottStadium20.jpg,10,Scott Stadium
scottStadium21.jpg,10,Scott Stadium
alderman1.jpg,11,Alderman Library
alderman2.jpg,11,Alderman Library
alderman3.jpg,11,Alderman Library
alderman4.jpg,11,Alderman Library
alderman5.jpg,11,Alderman Library
alderman6.jpg,11,Alderman Library
alderman7.jpg,11,Alderman Library
alderman8.jpg,11,Alderman Library
alderman9.jpg,11,Alderman Library
alderman10.jpg,11,Alderman Library
alderman11.jpg,11,Alderman Library
alderman12.jpg,11,Alderman Library
alderman13.jpg,11,Alderman Library
alderman14.jpg,11,Alderman Library
alderman1.jpg,11,Alderman Library
alderman15.jpg,11,Alderman Library
alderman16.jpg,11,Alderman Library
alderman17.jpg,11,Alderman Library
alderman18.jpg,11,Alderman Library
alderman19.jpg,11,Alderman Library
alderman20.jpg,11,Alderman Library
newcomb1.jpg,12,Newcomb Hall
newcomb2.jpg,12,Newcomb Hall
newcomb3.jpg,12,Newcomb Hall
newcomb4.jpg,12,Newcomb Hall
newcomb5.jpg,12,Newcomb Hall
newcomb6.jpg,12,Newcomb Hall
newcomb7.jpg,12,Newcomb Hall
newcomb8.jpg,12,Newcomb Hall
newcomb9.jpg,12,Newcomb Hall
newcomb10.jpg,12,Newcomb Hall
newcomb11.jpg,12,Newcomb Hall
newcomb12.jpg,12,Newcomb Hall
newcomb13.jpg,12,Newcomb Hall
newcomb14.jpg,12,Newcomb Hall
newcomb15.jpg,12,Newcomb Hall
newcomb16.jpg,12,Newcomb Hall
oldCabell1.jpg,13,Old Cabell Hall
oldCabell2.jpg,13,Old Cabell Hall
oldCabell3.jpg,13,Old Cabell Hall
oldCabell4.jpg,13,Old Cabell Hall
oldCabell5.jpg,13,Old Cabell Hall
oldCabell6.jpg,13,Old Cabell Hall
oldCabell7.jpg,13,Old Cabell Hall
oldCabell8.jpg,13,Old Cabell Hall
oldCabell9.jpg,13,Old Cabell Hall
oldCabell10.jpg,13,Old Cabell Hall
oldCabell11.jpg,13,Old Cabell Hall
oldCabell12.jpg,13,Old Cabell Hall
oldCabell13.jpg,13,Old Cabell Hall
oldCabell14.jpeg,13,Old Cabell Hall
oldCabell15.jpg,13,Old Cabell Hall
oldCabell16.jpg,13,Old Cabell Hall
oldCabell17.jpeg,13,Old Cabell Hall
oldCabell18.jpeg,13,Old Cabell Hall
oldCabell19.jpeg,13,Old Cabell Hall
oldCabell20.jpg,13,Old Cabell Hall
oldCabell21.jpg,13,Old Cabell Hall
rotunda1.jpg,14,Rotunda
rotunda2.jpg,14,Rotunda
rotunda3.jpg,14,Rotunda
rotunda4.jpg,14,Rotunda
rotunda5.jpg,14,Rotunda
rotunda6.jpg,14,Rotunda
rotunda7.jpg,14,Rotunda
rotunda8.jpg,14,Rotunda
monroe1.jpg,15,Monroe Hall
monroe2.jpg,15,Monroe Hall
monroe3.jpg,15,Monroe Hall
monroe4.jpg,15,Monroe Hall
monroe5.jpg,15,Monroe Hall
monroe6.jpg,15,Monroe Hall
monroe7.jpg,15,Monroe Hall
monroe8.jpg,15,Monroe Hall
monroe9.jpg,15,Monroe Hall
monroe10.jpg,15,Monroe Hall
monroe11.jpg,15,Monroe Hall
monroe12.jpg,15,Monroe Hall
monroe13.jpg,15,Monroe Hall
monroe14.jpg,15,Monroe Hall
monroe15.jpg,15,Monroe Hall
monroe16.jpg,15,Monroe Hall
northGroundsGym1.jpg,17,North Grounds Gym
northGroundsGym2.jpg,17,North Grounds Gym
northGroundsGym3.jpg,17,North Grounds Gym
northGroundsGym4.jpg,17,North Grounds Gym
northGroundsGym5.jpg,17,North Grounds Gym
northGroundsGym6.jpg,17,North Grounds Gym
northGroundsGym7.jpg,17,North Grounds Gym
northGroundsGym8.jpg,17,North Grounds Gym
northGroundsGym9.jpg,17,North Grounds Gym
northGroundsGym10.jpg,17,North Grounds Gym
northGroundsGym11.jpg,17,North Grounds Gym
northGroundsGym12.jpg,17,North Grounds Gym
northGroundsGym13.jpg,17,North Grounds Gym
northGroundsGym14.jpg,17,North Grounds Gym
northGroundsGym15.jpg,17,North Grounds Gym
northGroundsGym16.jpg,17,North Grounds Gym
northGroundsGym17.jpg,17,North Grounds Gym
northGroundsGym.18jpg,17,North Grounds Gym
northGroundsGym19.jpg,17,North Grounds Gym
northGroundsGym20.jpg,17,North Grounds Gym
northGroundsGym21.jpg,17,North Grounds Gym
northGroundsGym22.jpg,17,North Grounds Gym
northGroundsGym23.jpg,17,North Grounds Gym
northGroundsGym24.jpg,17,North Grounds Gym
alumniHall1.jpg,18,Alumni Hall
alumniHall2.jpg,18,Alumni Hall
alumniHall3.jpg,18,Alumni Hall
alumniHall4.jpg,18,Alumni Hall
alumniHall5.jpg,18,Alumni Hall
alumniHall6.jpg,18,Alumni Hall
alumniHall7.jpg,18,Alumni Hall
alumniHall8.jpg,18,Alumni Hall
alumniHall9.jpg,18,Alumni Hall
alumniHall10.jpg,18,Alumni Hall
alumniHall11.jpg,18,Alumni Hall
alumniHall12.jpg,18,Alumni Hall
memorialGym1.jpg,19,Memorial Gym
memorialGym2.jpg,19,Memorial Gym
memorialGym3.jpg,19,Memorial Gym
memorialGym4.jpg,19,Memorial Gym
memorialGym5.jpg,19,Memorial Gym
memorialGym6.jpg,19,Memorial Gym
memorialGym7.jpg,19,Memorial Gym
memorialGym8.jpg,19,Memorial Gym
memorialGym9.jpg,19,Memorial Gym
memorialGym10.jpg,19,Memorial Gym
memorialGym11.jpg,19,Memorial Gym
memorialGym12.jpg,19,Memorial Gym
memorialGym13.jpg,19,Memorial Gym
memorialGym14.jpg,19,Memorial Gym
memorialGym15.jpg,19,Memorial Gym
memorialGym16.jpg,19,Memorial Gym
memorialGym.17jpg,19,Memorial Gym
memorialGym18.jpg,19,Memorial Gym
memorialGym19.jpg,19,Memorial Gym
memorialGym20.jpg,19,Memorial Gym
IMG_2244.jpeg,1,Wilsdorf Hall
IMG_2256.jpeg,1,Wilsdorf Hall
IMG_2266.jpeg,1,Wilsdorf Hall
IMG_2273.jpeg,1,Wilsdorf Hall
IMG_2280.jpeg,1,Wilsdorf Hall
IMG_2287.jpeg,1,Wilsdorf Hall
IMG_2299.jpeg,1,Wilsdorf Hall
IMG_2247.jpeg,1,Wilsdorf Hall
IMG_2258.jpeg,1,Wilsdorf Hall
IMG_2268.jpeg,1,Wilsdorf Hall
IMG_2274.jpeg,1,Wilsdorf Hall
IMG_2282.jpeg,1,Wilsdorf Hall
IMG_2289.jpeg,1,Wilsdorf Hall
IMG_2248.jpeg,1,Wilsdorf Hall
IMG_2260.jpeg,1,Wilsdorf Hall
IMG_2269.jpeg,1,Wilsdorf Hall
IMG_2277.jpeg,1,Wilsdorf Hall
IMG_2285.jpeg,1,Wilsdorf Hall
IMG_2292.jpeg,1,Wilsdorf Hall
IMG_2253.jpeg,1,Wilsdorf Hall
IMG_2265.jpeg,1,Wilsdorf Hall
IMG_2271.jpeg,1,Wilsdorf Hall
IMG_2279.jpeg,1,Wilsdorf Hall
IMG_2286.jpeg,1,Wilsdorf Hall
IMG_2296.jpeg,1,Wilsdorf Hall
IMG_1945.jpeg,2,Thornton Hall 
IMG_1949.jpeg,2,Thornton Hall 
IMG_1953.jpeg,2,Thornton Hall 
IMG_1957.jpeg,2,Thornton Hall 
IMG_1961.jpeg,2,Thornton Hall 
IMG_1965.jpeg,2,Thornton Hall 
IMG_1971.jpeg,2,Thornton Hall 
IMG_1946.jpeg,2,Thornton Hall 
IMG_1950.jpeg,2,Thornton Hall 
IMG_1954.jpeg,2,Thornton Hall 
IMG_1958.jpeg,2,Thornton Hall 
IMG_1962.jpeg,2,Thornton Hall 
IMG_1966.jpeg,2,Thornton Hall 
IMG_1947.jpeg,2,Thornton Hall 
IMG_1951.jpeg,2,Thornton Hall 
IMG_1955.jpeg,2,Thornton Hall 
IMG_1959.jpeg,2,Thornton Hall 
IMG_1963.jpeg,2,Thornton Hall 
IMG_1968.jpeg,2,Thornton Hall 
IMG_1948.jpeg,2,Thornton Hall 
IMG_1952.jpeg,2,Thornton Hall 
IMG_1956.jpeg,2,Thornton Hall 
IMG_1960.jpeg,2,Thornton Hall 
IMG_1964.jpeg,2,Thornton Hall 
IMG_1969.jpeg,2,Thornton Hall 
IMG_2180.jpeg,3,Physics Building
IMG_2186.jpeg,3,Physics Building
IMG_2203.jpeg,3,Physics Building
IMG_2213.jpeg,3,Physics Building
IMG_2218.jpeg,3,Physics Building
IMG_2223.jpeg,3,Physics Building
IMG_2230.jpeg,3,Physics Building
IMG_2241.jpeg,3,Physics Building
IMG_2181.jpeg,3,Physics Building
IMG_2190.jpeg,3,Physics Building
IMG_2205.jpeg,3,Physics Building
IMG_2214.jpeg,3,Physics Building
IMG_2219.jpeg,3,Physics Building
IMG_2224.jpeg,3,Physics Building
IMG_2231.jpeg,3,Physics Building
IMG_2183.jpeg,3,Physics Building
IMG_2193.jpeg,3,Physics Building
IMG_2210.jpeg,3,Physics Building
IMG_2215.jpeg,3,Physics Building
IMG_2221.jpeg,3,Physics Building
IMG_2226.jpeg,3,Physics Building
IMG_2234.jpeg,3,Physics Building
IMG_2184.jpeg,3,Physics Building
IMG_2197.jpeg,3,Physics Building
IMG_2212.jpeg,3,Physics Building
IMG_2217.jpeg,3,Physics Building
IMG_2222.jpeg,3,Physics Building
IMG_2227.jpeg,3,Physics Building
IMG_2239.jpeg,3,Physics Building
IMG_2093.jpeg,4,Olsson Hall
IMG_2102.jpeg,4,Olsson Hall
IMG_2114.jpeg,4,Olsson Hall
IMG_2121.jpeg,4,Olsson Hall
IMG_2134.jpeg,4,Olsson Hall
IMG_2094.jpeg,4,Olsson Hall
IMG_2106.jpeg,4,Olsson Hall
IMG_2115.jpeg,4,Olsson Hall
IMG_2122.jpeg,4,Olsson Hall
IMG_2135.jpeg,4,Olsson Hall
IMG_2096.jpeg,4,Olsson Hall
IMG_2108.jpeg,4,Olsson Hall
IMG_2116.jpeg,4,Olsson Hall
IMG_2126.jpeg,4,Olsson Hall
IMG_2137.jpeg,4,Olsson Hall
IMG_2097.jpeg,4,Olsson Hall
IMG_2109.jpeg,4,Olsson Hall
IMG_2117.jpeg,4,Olsson Hall
IMG_2129.jpeg,4,Olsson Hall
IMG_2139.jpeg,4,Olsson Hall
IMG_2100.jpeg,4,Olsson Hall
IMG_2111.jpeg,4,Olsson Hall
IMG_2118.jpeg,4,Olsson Hall
IMG_2131.jpeg,4,Olsson Hall
IMG_2101.jpeg,4,Olsson Hall
IMG_2112.jpeg,4,Olsson Hall
IMG_2120.jpeg,4,Olsson Hall
IMG_2132.jpeg,4,Olsson Hall
IMG_2020.jpeg,5,Mechanical Building
IMG_2036.jpeg,5,Mechanical Building
IMG_2052.jpeg,5,Mechanical Building
IMG_2059.jpeg,5,Mechanical Building
IMG_2072.jpeg,5,Mechanical Building
IMG_2023.jpeg,5,Mechanical Building
IMG_2038.jpeg,5,Mechanical Building
IMG_2053.jpeg,5,Mechanical Building
IMG_2061.jpeg,5,Mechanical Building
IMG_2073.jpeg,5,Mechanical Building
IMG_2024.jpeg,5,Mechanical Building
IMG_2040.jpeg,5,Mechanical Building
IMG_2054.jpeg,5,Mechanical Building
IMG_2063.jpeg,5,Mechanical Building
IMG_2077.jpeg,5,Mechanical Building
IMG_2025.jpeg,5,Mechanical Building
IMG_2045.jpeg,5,Mechanical Building
IMG_2056.jpeg,5,Mechanical Building
IMG_2067.jpeg,5,Mechanical Building
IMG_2080.jpeg,5,Mechanical Building
IMG_2030.jpeg,5,Mechanical Building
IMG_2046.jpeg,5,Mechanical Building
IMG_2057.jpeg,5,Mechanical Building
IMG_2069.jpeg,5,Mechanical Building
IMG_2081.jpeg,5,Mechanical Building
IMG_2469.jpeg,6,Law School Building
IMG_2486.jpeg,6,Law School Building
IMG_2506.jpeg,6,Law School Building
IMG_2515.jpeg,6,Law School Building
IMG_2525.jpeg,6,Law School Building
IMG_2470.jpeg,6,Law School Building
IMG_2487.jpeg,6,Law School Building
IMG_2507.jpeg,6,Law School Building
IMG_2516.jpeg,6,Law School Building
IMG_2527.jpeg,6,Law School Building
IMG_2471.jpeg,6,Law School Building
IMG_2489.jpeg,6,Law School Building
IMG_2508.jpeg,6,Law School Building
IMG_2517.jpeg,6,Law School Building
IMG_9040.jpeg,6,Law School Building
IMG_2474.jpeg,6,Law School Building
IMG_2490.jpeg,6,Law School Building
IMG_2510.jpeg,6,Law School Building
IMG_2519.jpeg,6,Law School Building
IMG_2476.jpeg,6,Law School Building
IMG_2498.jpeg,6,Law School Building
IMG_2512.jpeg,6,Law School Building
IMG_2520.jpeg,6,Law School Building
IMG_2478.jpeg,6,Law School Building
IMG_2503.jpeg,6,Law School Building
IMG_2513.jpeg,6,Law School Building
IMG_2522.jpeg,6,Law School Building
IMG_2483.jpeg,6,Law School Building
IMG_2505.jpeg,6,Law School Building
IMG_2514.jpeg,6,Law School Building
IMG_2524.jpeg,6,Law School Building
IMG_2384.jpeg,7,John Paul Jones Arena
IMG_2392.jpeg,7,John Paul Jones Arena
IMG_2405.jpeg,7,John Paul Jones Arena
IMG_2423.jpeg,7,John Paul Jones Arena
IMG_2442.jpeg,7,John Paul Jones Arena
IMG_2386.jpeg,7,John Paul Jones Arena
IMG_2395.jpeg,7,John Paul Jones Arena
IMG_2406.jpeg,7,John Paul Jones Arena
IMG_2426.jpeg,7,John Paul Jones Arena
IMG_2455.jpeg,7,John Paul Jones Arena
IMG_2388.jpeg,7,John Paul Jones Arena
IMG_2399.jpeg,7,John Paul Jones Arena
IMG_2412.jpeg,7,John Paul Jones Arena
IMG_2430.jpeg,7,John Paul Jones Arena
IMG_2456.jpeg,7,John Paul Jones Arena
IMG_2389.jpeg,7,John Paul Jones Arena
IMG_2400.jpeg,7,John Paul Jones Arena
IMG_2419.jpeg,7,John Paul Jones Arena
IMG_2432.jpeg,7,John Paul Jones Arena
IMG_2460.jpeg,7,John Paul Jones Arena
IMG_2391.jpeg,7,John Paul Jones Arena
IMG_2402.jpeg,7,John Paul Jones Arena
IMG_2420.jpeg,7,John Paul Jones Arena
IMG_2436.jpeg,7,John Paul Jones Arena
IMG_2461.jpeg,7,John Paul Jones Arena
IMG_1975.jpeg,8,Chemical Engineering Building
IMG_1987.jpeg,8,Chemical Engineering Building
IMG_1993.jpeg,8,Chemical Engineering Building
IMG_2003.jpeg,8,Chemical Engineering Building
IMG_2011.jpeg,8,Chemical Engineering Building
IMG_1977.jpeg,8,Chemical Engineering Building
IMG_1988.jpeg,8,Chemical Engineering Building
IMG_1995.jpeg,8,Chemical Engineering Building
IMG_2005.jpeg,8,Chemical Engineering Building
IMG_2012.jpeg,8,Chemical Engineering Building
IMG_1980.jpeg,8,Chemical Engineering Building
IMG_1990.jpeg,8,Chemical Engineering Building
IMG_1996.jpeg,8,Chemical Engineering Building
IMG_2006.jpeg,8,Chemical Engineering Building
IMG_2013.jpeg,8,Chemical Engineering Building
IMG_1982.jpeg,8,Chemical Engineering Building
IMG_1991.jpeg,8,Chemical Engineering Building
IMG_1998.jpeg,8,Chemical Engineering Building
IMG_2007.jpeg,8,Chemical Engineering Building
IMG_2014.jpeg,8,Chemical Engineering Building
IMG_1986.jpeg,8,Chemical Engineering Building
IMG_1992.jpeg,8,Chemical Engineering Building
IMG_2001.jpeg,8,Chemical Engineering Building
IMG_2010.jpeg,8,Chemical Engineering Building
IMG_2015.jpeg,8,Chemical Engineering Building
IMG_2301.jpeg,9,Aquatic & Fitness Center
IMG_2319.jpeg,9,Aquatic & Fitness Center
IMG_2329.jpeg,9,Aquatic & Fitness Center
IMG_2348.jpeg,9,Aquatic & Fitness Center
IMG_2365.jpeg,9,Aquatic & Fitness Center
IMG_2304.jpeg,9,Aquatic & Fitness Center
IMG_2322.jpeg,9,Aquatic & Fitness Center
IMG_2330.jpeg,9,Aquatic & Fitness Center
IMG_2351.jpeg,9,Aquatic & Fitness Center
IMG_2367.jpeg,9,Aquatic & Fitness Center
IMG_2306.jpeg,9,Aquatic & Fitness Center
IMG_2324.jpeg,9,Aquatic & Fitness Center
IMG_2333.jpeg,9,Aquatic & Fitness Center
IMG_2352.jpeg,9,Aquatic & Fitness Center
IMG_2368.jpeg,9,Aquatic & Fitness Center
IMG_2313.jpeg,9,Aquatic & Fitness Center
IMG_2325.jpeg,9,Aquatic & Fitness Center
IMG_2335.jpeg,9,Aquatic & Fitness Center
IMG_2356.jpeg,9,Aquatic & Fitness Center
IMG_2314.jpeg,9,Aquatic & Fitness Center
IMG_2327.jpeg,9,Aquatic & Fitness Center
IMG_2340.jpeg,9,Aquatic & Fitness Center
IMG_2361.jpeg,9,Aquatic & Fitness Center
IMG_2318.jpeg,9,Aquatic & Fitness Center
IMG_2328.jpeg,9,Aquatic & Fitness Center
IMG_2343.jpeg,9,Aquatic & Fitness Center
IMG_2364.jpeg,9,Aquatic & Fitness Center